<ZCodeParameters>
 <ConographOutput>
  <LatticeCandidate>
   <CrystalSystem>     Rhombohedral </CrystalSystem>

   <!-- a, b, c(angstrom), alpha, beta, gamma(deg.)-->
   <ReducedLatticeParameters axis="Rhombohedral">    5.1303e+00    5.1303e+00    5.1303e+00    5.5292e+01    5.5292e+01    5.5292e+01 </ReducedLatticeParameters>
   <ReducedLatticeParameters axis="Hexagonal">    4.7610e+00    4.7610e+00    1.2995e+01    9.0000e+01    9.0000e+01    1.2000e+02 </ReducedLatticeParameters>

   <OptimizedLatticeParameters>    4.7610e+00    4.7610e+00    1.2995e+01    9.0000e+01    9.0000e+01    1.2000e+02 </OptimizedLatticeParameters>

   <VolumeOfUnitCell axis="Hexagonal">    2.5510e+02 </VolumeOfUnitCell>
   <FigureOfMeritWolff name="M20">    2.6664e+02 </FigureOfMeritWolff>
   <FigureOfMeritWu name="Mwu20">    2.1690e+02 </FigureOfMeritWu>
   <ReversedFigureOfMeritWolff name="Mrev20">    4.0365e+00 </ReversedFigureOfMeritWolff>
   <SymmetricFigureOfMeritWolff name="Msym20">    1.0763e+03 </SymmetricFigureOfMeritWolff>
   <!-- Number of reflections up to the 20th reflection. (The multiplicity of peaks is considered.)-->
   <NumberOfMillerIndicesInRange>    2.9333e+01 </NumberOfMillerIndicesInRange>
   <NumberOfIndexedPeaks>            20 </NumberOfIndexedPeaks>
   <NumberOfPeaksNecessaryToResolveDominantZone>             3 </NumberOfPeaksNecessaryToResolveDominantZone>

   <EquivalentLatticeCandidates>
<!-- Almost equivalent unitcell parameters of different centring types. -->
    <LatticeCandidate>
     <Centring>          Base(C) </Centring>
     <LatticeParameters>    8.2463e+00    4.7610e+00    5.1303e+00    9.0000e+01    1.2240e+02    9.0000e+01 </LatticeParameters>
    </LatticeCandidate>
    <LatticeCandidate>
     <Centring>        Primitive </Centring>
     <LatticeParameters>    4.7610e+00    4.7610e+00    5.1303e+00    9.0000e+01    6.2354e+01    6.0000e+01 </LatticeParameters>
    </LatticeCandidate>
   </EquivalentLatticeCandidates>

   <IndexingResults>
    <!-- q_obs, q_err, q_cal, peak_pos, peak_width, pos_cal, hkl, fix_or_fit.-->
     8.2540e-02     4.9493e-04     8.2508e-02     2.5718e+01     1.8359e-01     2.5713e+01        [0,1,2]    1
     1.5360e-01     6.2076e-04     1.5356e-01     3.5290e+01     1.7267e-01     3.5285e+01      [1,-1,-4]    1
     1.7651e-01     6.8160e-04     1.7647e-01     3.7911e+01     1.7820e-01     3.7907e+01        [1,1,0]    1
     2.1319e-01     6.2668e-04     2.1317e-01     4.1815e+01     1.5092e-01     4.1813e+01        [0,0,6]    1
     2.2976e-01     6.7285e-04     2.2976e-01     4.3483e+01     1.5698e-01     4.3483e+01      [2,-1,-3]    1
     2.5895e-01     5.9391e-04     2.5898e-01     4.6302e+01     1.3185e-01     4.6305e+01       [0,2,-2]    1
     3.3001e-01     7.1321e-04     3.3003e-01     5.2675e+01     1.4388e-01     5.2676e+01       [2,0,-4]    1
     3.8961e-01     7.3788e-04     3.8964e-01     5.7623e+01     1.4011e-01     5.7625e+01       [1,1,-6]    1
     4.1761e-01     7.5315e-04     4.1768e-01     5.9853e+01     1.3965e-01     5.9859e+01        [2,1,1]    1
     4.3773e-01     6.9220e-04     4.3779e-01     6.1426e+01     1.2637e-01     6.1430e+01       [1,0,-8]    1
     5.0648e-01     8.2410e-04     5.0650e-01     6.6633e+01     1.4389e-01     6.6635e+01      [2,-3,-4]    1
     5.2944e-01     8.0905e-04     5.2941e-01     6.8325e+01     1.3953e-01     6.8323e+01        [0,3,0]    1
     5.5976e-01     8.8053e-04     5.5979e-01     7.0529e+01     1.4967e-01     7.0532e+01      [3,-1,-5]    1
     6.1426e-01     9.1081e-04     6.1426e-01     7.4419e+01     1.5150e-01     7.4419e+01      [2,-2,-8]    1
     6.5090e-01     8.8278e-04     6.5096e-01     7.6992e+01     1.4515e-01     7.6996e+01     [1,-1,-10]    1
     6.5623e-01     7.2981e-04     6.5610e-01     7.7364e+01     1.1982e-01     7.7355e+01      [1,-2,-9]    1
     7.0178e-01     9.7337e-04     7.0191e-01     8.0521e+01     1.5807e-01     8.0530e+01       [1,2,-7]    1
     7.0592e-01     8.6237e-04     7.0587e-01     8.0807e+01     1.3993e-01     8.0803e+01       [2,-4,0]    1
     7.4263e-01     1.0981e-03     7.4258e-01     8.3327e+01     1.7707e-01     8.3324e+01       [3,0,-6]    1
     7.5919e-01     9.2546e-04     7.5917e-01     8.4460e+01     1.4890e-01     8.4459e+01       [2,2,-3]    1
   </IndexingResults>

   <OptimizedZeroShitParameters>
    <Parameter>    -1.4758e-01  </Parameter>  <Error>     4.7666e-02  </Error>
   </OptimizedZeroShitParameters>
  </LatticeCandidate>

  <LatticeCandidate>
   <CrystalSystem>     Rhombohedral </CrystalSystem>

   <!-- a, b, c(angstrom), alpha, beta, gamma(deg.)-->
   <ReducedLatticeParameters axis="Rhombohedral">    5.1303e+00    5.1303e+00    5.1303e+00    5.5292e+01    5.5292e+01    5.5292e+01 </ReducedLatticeParameters>
   <ReducedLatticeParameters axis="Hexagonal">    4.7610e+00    4.7610e+00    1.2995e+01    9.0000e+01    9.0000e+01    1.2000e+02 </ReducedLatticeParameters>

   <OptimizedLatticeParameters>    4.7610e+00    4.7610e+00    1.2995e+01    9.0000e+01    9.0000e+01    1.2000e+02 </OptimizedLatticeParameters>

   <VolumeOfUnitCell axis="Hexagonal">    2.5510e+02 </VolumeOfUnitCell>
   <FigureOfMeritWolff name="M20">    2.6664e+02 </FigureOfMeritWolff>
   <FigureOfMeritWu name="Mwu20">    2.1690e+02 </FigureOfMeritWu>
   <ReversedFigureOfMeritWolff name="Mrev20">    4.0365e+00 </ReversedFigureOfMeritWolff>
   <SymmetricFigureOfMeritWolff name="Msym20">    1.0763e+03 </SymmetricFigureOfMeritWolff>
   <!-- Number of reflections up to the 20th reflection. (The multiplicity of peaks is considered.)-->
   <NumberOfMillerIndicesInRange>    2.9333e+01 </NumberOfMillerIndicesInRange>
   <NumberOfIndexedPeaks>            20 </NumberOfIndexedPeaks>
   <NumberOfPeaksNecessaryToResolveDominantZone>             3 </NumberOfPeaksNecessaryToResolveDominantZone>

   <EquivalentLatticeCandidates>
<!-- Almost equivalent unitcell parameters of different centring types. -->
    <LatticeCandidate>
     <Centring>          Base(C) </Centring>
     <LatticeParameters>    8.2463e+00    4.7610e+00    5.1303e+00    9.0000e+01    1.2240e+02    9.0000e+01 </LatticeParameters>
    </LatticeCandidate>
    <LatticeCandidate>
     <Centring>        Primitive </Centring>
     <LatticeParameters>    4.7610e+00    4.7610e+00    5.1303e+00    1.1765e+02    9.0000e+01    1.2000e+02 </LatticeParameters>
    </LatticeCandidate>
   </EquivalentLatticeCandidates>

   <IndexingResults>
    <!-- q_obs, q_err, q_cal, peak_pos, peak_width, pos_cal, hkl, fix_or_fit.-->
     8.2540e-02     4.9493e-04     8.2508e-02     2.5718e+01     1.8359e-01     2.5713e+01       [1,-1,2]    1
     1.5360e-01     6.2076e-04     1.5356e-01     3.5290e+01     1.7267e-01     3.5285e+01      [1,-1,-4]    1
     1.7651e-01     6.8160e-04     1.7647e-01     3.7911e+01     1.7820e-01     3.7907e+01        [1,1,0]    1
     2.1319e-01     6.2668e-04     2.1317e-01     4.1815e+01     1.5092e-01     4.1813e+01        [0,0,6]    1
     2.2976e-01     6.7285e-04     2.2976e-01     4.3483e+01     1.5698e-01     4.3483e+01      [1,-2,-3]    1
     2.5895e-01     5.9391e-04     2.5898e-01     4.6302e+01     1.3185e-01     4.6305e+01       [0,2,-2]    1
     3.3001e-01     7.1321e-04     3.3003e-01     5.2675e+01     1.4388e-01     5.2676e+01       [2,-2,4]    1
     3.8961e-01     7.3788e-04     3.8964e-01     5.7623e+01     1.4011e-01     5.7625e+01       [1,-2,6]    1
     4.1761e-01     7.5315e-04     4.1768e-01     5.9853e+01     1.3965e-01     5.9859e+01       [3,-1,1]    1
     4.3773e-01     6.9220e-04     4.3779e-01     6.1426e+01     1.2637e-01     6.1430e+01        [0,1,8]    1
     5.0648e-01     8.2410e-04     5.0650e-01     6.6633e+01     1.4389e-01     6.6635e+01        [2,1,4]    1
     5.2944e-01     8.0905e-04     5.2941e-01     6.8325e+01     1.3953e-01     6.8323e+01        [0,3,0]    1
     5.5976e-01     8.8053e-04     5.5979e-01     7.0529e+01     1.4967e-01     7.0532e+01      [1,-3,-5]    1
     6.1426e-01     9.1081e-04     6.1426e-01     7.4419e+01     1.5150e-01     7.4419e+01      [2,-2,-8]    1
     6.5090e-01     8.8278e-04     6.5096e-01     7.6992e+01     1.4515e-01     7.6996e+01       [1,0,10]    1
     6.5623e-01     7.2981e-04     6.5610e-01     7.7364e+01     1.1982e-01     7.7355e+01       [1,1,-9]    1
     7.0178e-01     9.7337e-04     7.0191e-01     8.0521e+01     1.5807e-01     8.0530e+01       [3,-1,7]    1
     7.0592e-01     8.6237e-04     7.0587e-01     8.0807e+01     1.3993e-01     8.0803e+01        [2,2,0]    1
     7.4263e-01     1.0981e-03     7.4258e-01     8.3327e+01     1.7707e-01     8.3324e+01       [3,0,-6]    1
     7.5919e-01     9.2546e-04     7.5917e-01     8.4460e+01     1.4890e-01     8.4459e+01      [4,-2,-3]    1
   </IndexingResults>

   <OptimizedZeroShitParameters>
    <Parameter>    -1.4758e-01  </Parameter>  <Error>     4.7666e-02  </Error>
   </OptimizedZeroShitParameters>
  </LatticeCandidate>

  <LatticeCandidate>
   <CrystalSystem>    Monoclinic(C) </CrystalSystem>

   <!-- a, b, c(angstrom), alpha, beta, gamma(deg.)-->
   <ReducedLatticeParameters>    8.2435e+00    4.7608e+00    5.1294e+00    9.0000e+01    1.2238e+02    9.0000e+01 </ReducedLatticeParameters>
   <OptimizedLatticeParameters>    8.2435e+00    4.7608e+00    5.1294e+00    9.0000e+01    1.2238e+02    9.0000e+01 </OptimizedLatticeParameters>

   <VolumeOfUnitCell>    1.7000e+02 </VolumeOfUnitCell>
   <FigureOfMeritWolff name="M20">    1.7084e+02 </FigureOfMeritWolff>
   <FigureOfMeritWu name="Mwu20">    3.0116e+02 </FigureOfMeritWu>
   <ReversedFigureOfMeritWolff name="Mrev20">    4.8235e+00 </ReversedFigureOfMeritWolff>
   <SymmetricFigureOfMeritWolff name="Msym20">    8.2406e+02 </SymmetricFigureOfMeritWolff>
   <!-- Number of reflections up to the 20th reflection. (The multiplicity of peaks is considered.)-->
   <NumberOfMillerIndicesInRange>    6.4000e+01 </NumberOfMillerIndicesInRange>
   <NumberOfIndexedPeaks>            20 </NumberOfIndexedPeaks>
   <NumberOfPeaksNecessaryToResolveDominantZone>             3 </NumberOfPeaksNecessaryToResolveDominantZone>

   <EquivalentLatticeCandidates>
<!-- Almost equivalent unitcell parameters of different centring types. -->
    <LatticeCandidate>
     <Centring>Rhombohedral(hexagonal-axis) </Centring>
     <LatticeParameters>    4.7604e+00    4.7604e+00    1.2995e+01    9.0000e+01    9.0000e+01    1.2000e+02 </LatticeParameters>
    </LatticeCandidate>
    <LatticeCandidate>
     <Centring>        Primitive </Centring>
     <LatticeParameters>    4.7597e+00    4.7597e+00    5.1294e+00    6.2367e+01    6.2367e+01    6.0014e+01 </LatticeParameters>
    </LatticeCandidate>
   </EquivalentLatticeCandidates>

   <IndexingResults>
    <!-- q_obs, q_err, q_cal, peak_pos, peak_width, pos_cal, hkl, fix_or_fit.-->
     8.2574e-02     4.9502e-04     8.2540e-02     2.5718e+01     1.8359e-01     2.5713e+01        [2,0,0]    1
     1.5365e-01     6.2085e-04     1.5363e-01     3.5290e+01     1.7267e-01     3.5288e+01       [2,0,-2]    1
     1.7656e-01     6.8168e-04     1.7656e-01     3.7911e+01     1.7820e-01     3.7912e+01      [3,-1,-1]    1
     2.1324e-01     6.2675e-04     2.1318e-01     4.1815e+01     1.5092e-01     4.1809e+01        [0,0,2]    1
     2.2981e-01     6.7291e-04     2.2984e-01     4.3483e+01     1.5698e-01     4.3485e+01        [3,1,0]    1
     2.5901e-01     5.9397e-04     2.5902e-01     4.6302e+01     1.3185e-01     4.6304e+01        [2,2,0]    1
     3.3008e-01     7.1326e-04     3.3011e-01     5.2675e+01     1.4388e-01     5.2678e+01      [2,-2,-2]    1
     3.8967e-01     7.3792e-04     3.8967e-01     5.7623e+01     1.4011e-01     5.7622e+01       [0,2,-2]    1
     4.1767e-01     7.5319e-04     4.1772e-01     5.9853e+01     1.3965e-01     5.9857e+01        [1,3,0]    1
     4.3780e-01     6.9224e-04     4.3782e-01     6.1426e+01     1.2637e-01     6.1427e+01        [2,0,2]    1
     5.0655e-01     8.2413e-04     5.0654e-01     6.6633e+01     1.4389e-01     6.6633e+01        [1,3,1]    1
     5.2951e-01     8.0908e-04     5.2953e-01     6.8325e+01     1.3953e-01     6.8326e+01       [3,3,-1]    1
     5.5983e-01     8.8056e-04     5.5986e-01     7.0529e+01     1.4967e-01     7.0531e+01       [1,3,-2]    1
     6.1434e-01     9.1084e-04     6.1430e-01     7.4419e+01     1.5150e-01     7.4417e+01        [2,2,2]    1
     6.5098e-01     8.8280e-04     6.5099e-01     7.6992e+01     1.4515e-01     7.6993e+01        [1,1,3]    1
     6.5631e-01     7.2982e-04     6.5629e-01     7.7364e+01     1.1982e-01     7.7362e+01      [3,-1,-4]    1
     7.0186e-01     9.7338e-04     7.0196e-01     8.0521e+01     1.5807e-01     8.0528e+01        [1,3,2]    1
     7.0600e-01     8.6239e-04     7.0593e-01     8.0807e+01     1.3993e-01     8.0802e+01        [0,4,0]    1
     7.4270e-01     1.0981e-03     7.4267e-01     8.3327e+01     1.7707e-01     8.3325e+01        [3,3,1]    1
     7.5927e-01     9.2547e-04     7.5923e-01     8.4460e+01     1.4890e-01     8.4458e+01       [0,4,-1]    1
   </IndexingResults>

   <OptimizedZeroShitParameters>
    <Parameter>    -1.4222e-01  </Parameter>  <Error>     5.7012e-02  </Error>
   </OptimizedZeroShitParameters>
  </LatticeCandidate>

  <LatticeCandidate>
   <CrystalSystem>        Triclinic </CrystalSystem>

   <!-- a, b, c(angstrom), alpha, beta, gamma(deg.)-->
   <ReducedLatticeParameters>    4.7604e+00    4.7609e+00    5.1299e+00    9.0007e+01    1.1764e+02    1.1999e+02 </ReducedLatticeParameters>
   <OptimizedLatticeParameters>    4.7604e+00    4.7609e+00    5.1299e+00    9.0007e+01    1.1764e+02    1.1999e+02 </OptimizedLatticeParameters>

   <VolumeOfUnitCell>    8.5030e+01 </VolumeOfUnitCell>
   <FigureOfMeritWolff name="M20">    2.7387e+02 </FigureOfMeritWolff>
   <FigureOfMeritWu name="Mwu20">    8.1418e+02 </FigureOfMeritWu>
   <ReversedFigureOfMeritWolff name="Mrev20">    5.6161e+00 </ReversedFigureOfMeritWolff>
   <SymmetricFigureOfMeritWolff name="Msym20">    1.5381e+03 </SymmetricFigureOfMeritWolff>
   <!-- Number of reflections up to the 20th reflection. (The multiplicity of peaks is considered.)-->
   <NumberOfMillerIndicesInRange>    1.0800e+02 </NumberOfMillerIndicesInRange>
   <NumberOfIndexedPeaks>            20 </NumberOfIndexedPeaks>
   <NumberOfPeaksNecessaryToResolveDominantZone>             3 </NumberOfPeaksNecessaryToResolveDominantZone>

   <EquivalentLatticeCandidates>
<!-- Almost equivalent unitcell parameters of different centring types. -->
    <LatticeCandidate>
     <Centring>Rhombohedral(hexagonal-axis) </Centring>
     <LatticeParameters>    4.7609e+00    4.7609e+00    1.2996e+01    9.0000e+01    9.0000e+01    1.2000e+02 </LatticeParameters>
    </LatticeCandidate>
    <LatticeCandidate>
     <Centring>          Base(C) </Centring>
     <LatticeParameters>    8.2459e+00    4.7609e+00    5.1299e+00    9.0000e+01    1.2239e+02    9.0000e+01 </LatticeParameters>
    </LatticeCandidate>
    <LatticeCandidate>
     <Centring>          Base(C) </Centring>
     <LatticeParameters>    8.2467e+00    4.7604e+00    5.1306e+00    9.0000e+01    1.2240e+02    9.0000e+01 </LatticeParameters>
    </LatticeCandidate>
    <LatticeCandidate>
     <Centring>          Base(C) </Centring>
     <LatticeParameters>    8.2454e+00    4.7612e+00    5.1305e+00    9.0000e+01    1.2240e+02    9.0000e+01 </LatticeParameters>
    </LatticeCandidate>
   </EquivalentLatticeCandidates>

   <IndexingResults>
    <!-- q_obs, q_err, q_cal, peak_pos, peak_width, pos_cal, hkl, fix_or_fit.-->
     8.2536e-02     4.9492e-04     8.2529e-02     2.5718e+01     1.8359e-01     2.5717e+01       [-1,1,1]    1
     1.5360e-01     6.2075e-04     1.5359e-01     3.5290e+01     1.7267e-01     3.5289e+01       [-1,0,2]    1
     1.7650e-01     6.8159e-04     1.7651e-01     3.7911e+01     1.7820e-01     3.7912e+01       [-2,1,1]    1
     2.1319e-01     6.2667e-04     2.1316e-01     4.1815e+01     1.5092e-01     4.1813e+01        [0,0,2]    1
     2.2975e-01     6.7284e-04     2.2976e-01     4.3483e+01     1.5698e-01     4.3483e+01       [1,-2,1]    1
     2.5894e-01     5.9391e-04     2.5894e-01     4.6302e+01     1.3185e-01     4.6302e+01       [0,-2,0]    1
     3.3001e-01     7.1321e-04     3.3000e-01     5.2675e+01     1.4388e-01     5.2674e+01       [-2,0,0]    1
     3.8960e-01     7.3787e-04     3.8961e-01     5.7623e+01     1.4011e-01     5.7623e+01      [-2,1,-1]    1
     4.1760e-01     7.5315e-04     4.1762e-01     5.9853e+01     1.3965e-01     5.9855e+01      [-1,-2,1]    1
     4.3773e-01     6.9220e-04     4.3773e-01     6.1426e+01     1.2637e-01     6.1426e+01      [-1,0,-2]    1
     5.0648e-01     8.2410e-04     5.0649e-01     6.6633e+01     1.4389e-01     6.6634e+01      [1,-3,-1]    1
     5.2943e-01     8.0905e-04     5.2945e-01     6.8325e+01     1.3953e-01     6.8326e+01       [-3,0,2]    1
     5.5975e-01     8.8053e-04     5.5978e-01     7.0529e+01     1.4967e-01     7.0531e+01       [1,-3,2]    1
     6.1425e-01     9.1081e-04     6.1423e-01     7.4419e+01     1.5150e-01     7.4417e+01      [-2,2,-2]    1
     6.5090e-01     8.8277e-04     6.5091e-01     7.6992e+01     1.4515e-01     7.6993e+01      [-1,1,-3]    1
     6.5623e-01     7.2981e-04     6.5623e-01     7.7364e+01     1.1982e-01     7.7364e+01       [-2,1,4]    1
     7.0178e-01     9.7337e-04     7.0177e-01     8.0521e+01     1.5807e-01     8.0521e+01     [-1,-2,-1]    1
     7.0592e-01     8.6237e-04     7.0590e-01     8.0807e+01     1.3993e-01     8.0806e+01       [2,-4,0]    1
     7.4262e-01     1.0981e-03     7.4261e-01     8.3327e+01     1.7707e-01     8.3327e+01      [-3,3,-1]    1
     7.5918e-01     9.2546e-04     7.5918e-01     8.4460e+01     1.4890e-01     8.4460e+01       [2,-4,1]    1
   </IndexingResults>

   <OptimizedZeroShitParameters>
    <Parameter>    -1.4813e-01  </Parameter>  <Error>     4.8720e-02  </Error>
   </OptimizedZeroShitParameters>
  </LatticeCandidate>


 </ConographOutput>
</ZCodeParameters>
